{
  "AutoForecast": {
    "means": {
      "MAE": 0.21602113544940948,
      "RMSE": 0.46435269713401794,
      "MAPE": 3630180864.0,
      "SMAPE": 31.69309425354004,
      "R2": 0.741830587387085
    },
    "best_val_loss": 0.2148995553490831,
    "training_config": {
      "out_dir": "run_0",
      "data_path": "datasets/household_power_consumption.txt",
      "seq_length": 48,
      "pred_length": 10,
      "batch_size": 2048,
      "d_model": 128,
      "nhead": 1,
      "num_layers": 1,
      "dropout": 0.1,
      "learning_rate": 0.0001,
      "max_epochs": 5,
      "patience": 10,
      "val_interval": 1
    }
  }
}