{
  "AutoForecast": {
    "means": {
      "MAE": 0.21602113544940948,
      "RMSE": 0.46435269713401794,
      "MAPE": 3630180864.0,
      "SMAPE": 31.69309425354004,
      "R2": 0.741830587387085
    }
  }
}